{
    "predict_bleu-4": 17.71277997123337,
    "predict_model_preparation_time": 0.0035,
    "predict_rouge-1": 48.88918855627472,
    "predict_rouge-2": 0.05393743257820928,
    "predict_rouge-l": 48.88379479503776,
    "predict_runtime": 409.4147,
    "predict_samples_per_second": 27.17,
    "predict_steps_per_second": 1.7
}